{
	"info": {
		"_postman_id": "46cc84c0-e405-4338-a3cb-8dece36e92f4",
		"name": "Project #2 REST API",
		"schema": "https://schema.getpostman.com/json/collection/v2.1.0/collection.json",
		"_exporter_id": "611814",
		"_collection_link": "https://www.postman.com/galactic-moon-789755/atb12x/collection/s62ry8q/project-2-rest-api?action=share&source=collection_link&creator=611814"
	},
	"item": [
		{
			"name": "Get All the Bookings",
			"event": [
				{
					"listen": "test",
					"script": {
						"exec": [
							"pm.test(\"Response status code is 200\", function () {",
							"    pm.expect(pm.response.code).to.eql(200);",
							"});",
							"",
							"",
							"pm.test(\"Response time is less than 1000ms\", function () {",
							"    pm.expect(pm.response.responseTime).to.be.below(1000);",
							"});",
							"",
							"",
							"pm.test(\"Response is an array and contains the required field 'bookingid'\", function () {",
							"    const responseData = pm.response.json();",
							"    ",
							"    pm.expect(responseData).to.be.an('array').that.is.not.empty;",
							"    responseData.forEach(function(item) {",
							"        pm.expect(item).to.have.property('bookingid').that.is.a('number');",
							"    });",
							"});",
							"",
							"",
							"pm.test(\"Booking ID is a non-negative integer\", function () {",
							"    const responseData = pm.response.json();",
							"    ",
							"    pm.expect(responseData).to.be.an('array').that.is.not.empty;",
							"    responseData.forEach(function(booking) {",
							"        pm.expect(booking).to.have.property('bookingid');",
							"        pm.expect(booking.bookingid).to.be.a('number').that.is.at.least(0);",
							"    });",
							"});",
							"",
							"",
							"pm.test(\"Response content-type is application/json\", function () {",
							"    pm.expect(pm.response.headers.get('Content-Type')).to.include(\"application/json\");",
							"});",
							""
						],
						"type": "text/javascript",
						"packages": {}
					}
				}
			],
			"request": {
				"method": "GET",
				"header": [],
				"url": {
					"raw": "https://restful-booker.herokuapp.com/booking",
					"protocol": "https",
					"host": [
						"restful-booker",
						"herokuapp",
						"com"
					],
					"path": [
						"booking"
					]
				},
				"description": "Generated from cURL: curl -i https://restful-booker.herokuapp.com/booking"
			},
			"response": []
		},
		{
			"name": "Get Single Booking by ID",
			"event": [
				{
					"listen": "test",
					"script": {
						"exec": [
							"pm.test(\"Response status code is 200\", function () {",
							"    pm.expect(pm.response.code).to.eql(200);",
							"});",
							""
						],
						"type": "text/javascript",
						"packages": {}
					}
				}
			],
			"request": {
				"method": "GET",
				"header": [],
				"url": {
					"raw": "https://restful-booker.herokuapp.com/booking/1",
					"protocol": "https",
					"host": [
						"restful-booker",
						"herokuapp",
						"com"
					],
					"path": [
						"booking",
						"1"
					]
				},
				"description": "Generated from cURL: curl -i https://restful-booker.herokuapp.com/booking/1"
			},
			"response": []
		},
		{
			"name": "Create Booking",
			"event": [
				{
					"listen": "test",
					"script": {
						"exec": [
							"pm.test(\"Response status code is 200\", function () {",
							"    pm.expect(pm.response.code).to.eql(200);",
							"});",
							""
						],
						"type": "text/javascript",
						"packages": {}
					}
				}
			],
			"request": {
				"auth": {
					"type": "noauth"
				},
				"method": "POST",
				"header": [
					{
						"key": "Content-Type",
						"value": "application/json"
					},
					{
						"key": "Authorization",
						"value": "{{vault:basic-auth}}",
						"type": "text",
						"disabled": true
					}
				],
				"body": {
					"mode": "raw",
					"raw": "{\n    \"firstname\" : \"Jim\",\n    \"lastname\" : \"Brown\",\n    \"totalprice\" : 111,\n    \"depositpaid\" : true,\n    \"bookingdates\" : {\n        \"checkin\" : \"2018-01-01\",\n        \"checkout\" : \"2019-01-01\"\n    },\n    \"additionalneeds\" : \"Breakfast\"\n}",
					"options": {
						"raw": {
							"language": "json"
						}
					}
				},
				"url": {
					"raw": "https://restful-booker.herokuapp.com/booking",
					"protocol": "https",
					"host": [
						"restful-booker",
						"herokuapp",
						"com"
					],
					"path": [
						"booking"
					],
					"query": [
						{
							"key": "search",
							"value": "abc",
							"disabled": true
						}
					]
				},
				"description": "Generated from cURL: curl -X POST \\\n  https://restful-booker.herokuapp.com/booking \\\n  -H 'Content-Type: application/json' \\\n  -d '{\n    \"firstname\" : \"Jim\",\n    \"lastname\" : \"Brown\",\n    \"totalprice\" : 111,\n    \"depositpaid\" : true,\n    \"bookingdates\" : {\n        \"checkin\" : \"2018-01-01\",\n        \"checkout\" : \"2019-01-01\"\n    },\n    \"additionalneeds\" : \"Breakfast\"\n}'"
			},
			"response": []
		},
		{
			"name": "Create Booking Negative #1 - Invalid JSON Body",
			"event": [
				{
					"listen": "test",
					"script": {
						"exec": [
							"pm.test(\" Invalid body response code should be 500\", function () {",
							"    pm.expect(pm.response.code).to.eql(500);",
							"});",
							""
						],
						"type": "text/javascript",
						"packages": {}
					}
				}
			],
			"request": {
				"auth": {
					"type": "noauth"
				},
				"method": "POST",
				"header": [
					{
						"key": "Content-Type",
						"value": "application/json"
					},
					{
						"key": "Authorization",
						"value": "{{vault:basic-auth}}",
						"type": "text",
						"disabled": true
					}
				],
				"body": {
					"mode": "raw",
					"raw": "",
					"options": {
						"raw": {
							"language": "json"
						}
					}
				},
				"url": {
					"raw": "https://restful-booker.herokuapp.com/booking",
					"protocol": "https",
					"host": [
						"restful-booker",
						"herokuapp",
						"com"
					],
					"path": [
						"booking"
					],
					"query": [
						{
							"key": "search",
							"value": "abc",
							"disabled": true
						}
					]
				},
				"description": "Generated from cURL: curl -X POST \\\n  https://restful-booker.herokuapp.com/booking \\\n  -H 'Content-Type: application/json' \\\n  -d '{\n    \"firstname\" : \"Jim\",\n    \"lastname\" : \"Brown\",\n    \"totalprice\" : 111,\n    \"depositpaid\" : true,\n    \"bookingdates\" : {\n        \"checkin\" : \"2018-01-01\",\n        \"checkout\" : \"2019-01-01\"\n    },\n    \"additionalneeds\" : \"Breakfast\"\n}'"
			},
			"response": []
		},
		{
			"name": "Create Booking Negative #2 - Large value of deposit paid.",
			"event": [
				{
					"listen": "test",
					"script": {
						"exec": [
							"pm.test(\" Invalid body response code should be 200\", function () {",
							"    pm.expect(pm.response.code).to.eql(200);",
							"});",
							""
						],
						"type": "text/javascript",
						"packages": {}
					}
				}
			],
			"request": {
				"auth": {
					"type": "noauth"
				},
				"method": "POST",
				"header": [
					{
						"key": "Content-Type",
						"value": "application/json"
					},
					{
						"key": "Authorization",
						"value": "{{vault:basic-auth}}",
						"type": "text",
						"disabled": true
					}
				],
				"body": {
					"mode": "raw",
					"raw": "{\n    \"firstname\" : \"Jim\",\n    \"lastname\" : \"Brown\",\n    \"totalprice\" : 1100000000000000000,\n    \"depositpaid\" : true,\n    \"bookingdates\" : {\n        \"checkin\" : \"2018-01-01\",\n        \"checkout\" : \"2019-01-01\"\n    },\n    \"additionalneeds\" : \"Breakfast\"\n}",
					"options": {
						"raw": {
							"language": "json"
						}
					}
				},
				"url": {
					"raw": "https://restful-booker.herokuapp.com/booking",
					"protocol": "https",
					"host": [
						"restful-booker",
						"herokuapp",
						"com"
					],
					"path": [
						"booking"
					],
					"query": [
						{
							"key": "search",
							"value": "abc",
							"disabled": true
						}
					]
				},
				"description": "Generated from cURL: curl -X POST  \n[https://restful-booker.herokuapp.com/booking](https://restful-booker.herokuapp.com/booking)  \n\\-H 'Content-Type: application/json'  \n\\-d '{  \n\"firstname\" : \"Jim\",  \n\"lastname\" : \"Brown\",  \n\"totalprice\" : 111,  \n\"depositpaid\" : true,  \n\"bookingdates\" : {  \n\"checkin\" : \"2018-01-01\",  \n\"checkout\" : \"2019-01-01\"  \n},  \n\"additionalneeds\" : \"Breakfast\"  \n}'"
			},
			"response": []
		},
		{
			"name": "Create Booking TC Way #2 Snippets",
			"event": [
				{
					"listen": "test",
					"script": {
						"exec": [
							"pm.test(\"TC#1 - Status code is 200\", function () {",
							"    pm.response.to.have.status(200);",
							"});",
							"",
							"pm.test(\"TC#2 -Content-Type is present\", function () {",
							"    pm.response.to.have.header(\"Content-Type\");",
							"});",
							"",
							"pm.test(\"TC#3 - Response time is less than 1000ms\", function () {",
							"    pm.expect(pm.response.responseTime).to.be.below(1000);",
							"});",
							"",
							"pm.test(\"TC#4 -Body matches bookingid\", function () {",
							"    pm.expect(pm.response.text()).to.include(\"bookingid\");",
							"});",
							""
						],
						"type": "text/javascript",
						"packages": {}
					}
				}
			],
			"request": {
				"auth": {
					"type": "noauth"
				},
				"method": "POST",
				"header": [
					{
						"key": "Content-Type",
						"value": "application/json"
					},
					{
						"key": "Authorization",
						"value": "{{vault:basic-auth}}",
						"type": "text",
						"disabled": true
					}
				],
				"body": {
					"mode": "raw",
					"raw": "{\n    \"firstname\" : \"Jim\",\n    \"lastname\" : \"Brown\",\n    \"totalprice\" : 111,\n    \"depositpaid\" : true,\n    \"bookingdates\" : {\n        \"checkin\" : \"2018-01-01\",\n        \"checkout\" : \"2019-01-01\"\n    },\n    \"additionalneeds\" : \"Breakfast\"\n}",
					"options": {
						"raw": {
							"language": "json"
						}
					}
				},
				"url": {
					"raw": "https://restful-booker.herokuapp.com/booking",
					"protocol": "https",
					"host": [
						"restful-booker",
						"herokuapp",
						"com"
					],
					"path": [
						"booking"
					],
					"query": [
						{
							"key": "search",
							"value": "abc",
							"disabled": true
						}
					]
				},
				"description": "Generated from cURL: curl -X POST \\\n  https://restful-booker.herokuapp.com/booking \\\n  -H 'Content-Type: application/json' \\\n  -d '{\n    \"firstname\" : \"Jim\",\n    \"lastname\" : \"Brown\",\n    \"totalprice\" : 111,\n    \"depositpaid\" : true,\n    \"bookingdates\" : {\n        \"checkin\" : \"2018-01-01\",\n        \"checkout\" : \"2019-01-01\"\n    },\n    \"additionalneeds\" : \"Breakfast\"\n}'"
			},
			"response": []
		},
		{
			"name": "Create Booking TC Way #3 TC in Postman Foramt(JS)",
			"event": [
				{
					"listen": "test",
					"script": {
						"exec": [
							"// We need to learn the basics of JavaScript as well as the syntax of Postman. "
						],
						"type": "text/javascript",
						"packages": {}
					}
				}
			],
			"request": {
				"auth": {
					"type": "noauth"
				},
				"method": "POST",
				"header": [
					{
						"key": "Content-Type",
						"value": "application/json"
					},
					{
						"key": "Authorization",
						"value": "{{vault:basic-auth}}",
						"type": "text",
						"disabled": true
					}
				],
				"body": {
					"mode": "raw",
					"raw": "{\n    \"firstname\" : \"Jim\",\n    \"lastname\" : \"Brown\",\n    \"totalprice\" : 111,\n    \"depositpaid\" : true,\n    \"bookingdates\" : {\n        \"checkin\" : \"2018-01-01\",\n        \"checkout\" : \"2019-01-01\"\n    },\n    \"additionalneeds\" : \"Breakfast\"\n}",
					"options": {
						"raw": {
							"language": "json"
						}
					}
				},
				"url": {
					"raw": "https://restful-booker.herokuapp.com/booking",
					"protocol": "https",
					"host": [
						"restful-booker",
						"herokuapp",
						"com"
					],
					"path": [
						"booking"
					],
					"query": [
						{
							"key": "search",
							"value": "abc",
							"disabled": true
						}
					]
				},
				"description": "Generated from cURL: curl -X POST  \n[https://restful-booker.herokuapp.com/booking](https://restful-booker.herokuapp.com/booking)  \n\\-H 'Content-Type: application/json'  \n\\-d '{  \n\"firstname\" : \"Jim\",  \n\"lastname\" : \"Brown\",  \n\"totalprice\" : 111,  \n\"depositpaid\" : true,  \n\"bookingdates\" : {  \n\"checkin\" : \"2018-01-01\",  \n\"checkout\" : \"2019-01-01\"  \n},  \n\"additionalneeds\" : \"Breakfast\"  \n}'"
			},
			"response": []
		},
		{
			"name": "Create Booking TC Way #1 - By AI",
			"event": [
				{
					"listen": "test",
					"script": {
						"exec": [
							"pm.test(\"Response status code is 200\", function () {",
							"    pm.expect(pm.response.code).to.eql(200);",
							"});",
							"",
							"",
							"pm.test(\"Response contains required fields\", function () {",
							"    const responseData = pm.response.json();",
							"    ",
							"    pm.expect(responseData).to.be.an('object');",
							"    pm.expect(responseData).to.have.all.keys('bookingid', 'booking');",
							"    pm.expect(responseData.booking).to.be.an('object');",
							"});",
							"",
							"",
							"pm.test(\"Validate the booking object structure and types\", function () {",
							"    const responseData = pm.response.json();",
							"",
							"    pm.expect(responseData).to.be.an('object').that.has.all.keys('bookingid', 'booking');",
							"    pm.expect(responseData.booking).to.be.an('object').that.has.all.keys('firstname', 'lastname', 'totalprice', 'depositpaid', 'bookingdates', 'additionalneeds');",
							"",
							"    pm.expect(responseData.booking.firstname).to.be.a('string');",
							"    pm.expect(responseData.booking.lastname).to.be.a('string');",
							"    pm.expect(responseData.booking.totalprice).to.be.a('number');",
							"    pm.expect(responseData.booking.depositpaid).to.be.a('boolean');",
							"    ",
							"    pm.expect(responseData.booking.bookingdates).to.be.an('object').that.has.all.keys('checkin', 'checkout');",
							"    pm.expect(responseData.booking.bookingdates.checkin).to.be.a('string');",
							"    pm.expect(responseData.booking.bookingdates.checkout).to.be.a('string');",
							"    ",
							"    pm.expect(responseData.booking.additionalneeds).to.be.a('string');",
							"});",
							"",
							"",
							"pm.test(\"Response time is less than 500ms\", function () {",
							"    pm.expect(pm.response.responseTime).to.be.below(500);",
							"});",
							"",
							"",
							"pm.test(\"The depositpaid field must be a boolean\", function () {",
							"    const responseData = pm.response.json();",
							"    ",
							"    pm.expect(responseData).to.be.an('object');",
							"    pm.expect(responseData.booking.depositpaid).to.be.a('boolean');",
							"});",
							""
						],
						"type": "text/javascript",
						"packages": {}
					}
				}
			],
			"request": {
				"auth": {
					"type": "noauth"
				},
				"method": "POST",
				"header": [
					{
						"key": "Content-Type",
						"value": "application/json"
					},
					{
						"key": "Authorization",
						"value": "",
						"type": "text",
						"disabled": true
					}
				],
				"body": {
					"mode": "raw",
					"raw": "{\n    \"firstname\" : \"Jim\",\n    \"lastname\" : \"Brown\",\n    \"totalprice\" : 111,\n    \"depositpaid\" : true,\n    \"bookingdates\" : {\n        \"checkin\" : \"2018-01-01\",\n        \"checkout\" : \"2019-01-01\"\n    },\n    \"additionalneeds\" : \"Breakfast\"\n}",
					"options": {
						"raw": {
							"language": "json"
						}
					}
				},
				"url": {
					"raw": "https://restful-booker.herokuapp.com/booking",
					"protocol": "https",
					"host": [
						"restful-booker",
						"herokuapp",
						"com"
					],
					"path": [
						"booking"
					],
					"query": [
						{
							"key": "search",
							"value": "abc",
							"disabled": true
						}
					]
				},
				"description": "Generated from cURL: curl -X POST \\\n  https://restful-booker.herokuapp.com/booking \\\n  -H 'Content-Type: application/json' \\\n  -d '{\n    \"firstname\" : \"Jim\",\n    \"lastname\" : \"Brown\",\n    \"totalprice\" : 111,\n    \"depositpaid\" : true,\n    \"bookingdates\" : {\n        \"checkin\" : \"2018-01-01\",\n        \"checkout\" : \"2019-01-01\"\n    },\n    \"additionalneeds\" : \"Breakfast\"\n}'"
			},
			"response": []
		},
		{
			"name": "Full Update PUT",
			"event": [
				{
					"listen": "test",
					"script": {
						"exec": [
							"pm.test(\"Response status code is 200\", function () {",
							"    pm.expect(pm.response.code).to.eql(200);",
							"});",
							""
						],
						"type": "text/javascript",
						"packages": {}
					}
				}
			],
			"request": {
				"auth": {
					"type": "bearer",
					"bearer": [
						{
							"key": "token",
							"value": "",
							"type": "string"
						}
					]
				},
				"method": "PUT",
				"header": [
					{
						"key": "Content-Type",
						"value": "application/json"
					},
					{
						"key": "Accept",
						"value": "application/json"
					},
					{
						"key": "Authorization",
						"value": "{{vault:basic-auth}}",
						"type": "text"
					}
				],
				"body": {
					"mode": "raw",
					"raw": "{\n    \"firstname\" : \"James\",\n    \"lastname\" : \"Brown\",\n    \"totalprice\" : 111,\n    \"depositpaid\" : true,\n    \"bookingdates\" : {\n        \"checkin\" : \"2018-01-01\",\n        \"checkout\" : \"2019-01-01\"\n    },\n    \"additionalneeds\" : \"Breakfast\"\n}",
					"options": {
						"raw": {
							"language": "json"
						}
					}
				},
				"url": {
					"raw": "https://restful-booker.herokuapp.com/booking/124",
					"protocol": "https",
					"host": [
						"restful-booker",
						"herokuapp",
						"com"
					],
					"path": [
						"booking",
						"124"
					]
				},
				"description": "Generated from cURL: curl -X PUT \\\n  https://restful-booker.herokuapp.com/booking/1 \\\n  -H 'Content-Type: application/json' \\\n  -H 'Accept: application/json' \\\n  -H 'Cookie: token=abc123' \\\n  -d '{\n    \"firstname\" : \"James\",\n    \"lastname\" : \"Brown\",\n    \"totalprice\" : 111,\n    \"depositpaid\" : true,\n    \"bookingdates\" : {\n        \"checkin\" : \"2018-01-01\",\n        \"checkout\" : \"2019-01-01\"\n    },\n    \"additionalneeds\" : \"Breakfast\"\n}'"
			},
			"response": []
		},
		{
			"name": "Partial Update booking",
			"event": [
				{
					"listen": "test",
					"script": {
						"exec": [
							"pm.test(\"Response status code is 200\", function () {",
							"    pm.expect(pm.response.code).to.eql(200);",
							"});",
							""
						],
						"type": "text/javascript",
						"packages": {}
					}
				}
			],
			"request": {
				"method": "PUT",
				"header": [
					{
						"key": "Content-Type",
						"value": "application/json"
					},
					{
						"key": "Accept",
						"value": "application/json"
					},
					{
						"key": "Cookie",
						"value": "token=abc123"
					}
				],
				"body": {
					"mode": "raw",
					"raw": "{\n    \"firstname\" : \"James\",\n    \"lastname\" : \"Brown\"\n}",
					"options": {
						"raw": {
							"language": "json"
						}
					}
				},
				"url": {
					"raw": "https://restful-booker.herokuapp.com/booking/1",
					"protocol": "https",
					"host": [
						"restful-booker",
						"herokuapp",
						"com"
					],
					"path": [
						"booking",
						"1"
					]
				},
				"description": "Generated from cURL: curl -X PUT \\\n  https://restful-booker.herokuapp.com/booking/1 \\\n  -H 'Content-Type: application/json' \\\n  -H 'Accept: application/json' \\\n  -H 'Cookie: token=abc123' \\\n  -d '{\n    \"firstname\" : \"James\",\n    \"lastname\" : \"Brown\"\n}'"
			},
			"response": []
		},
		{
			"name": "Delete Booking By ID",
			"event": [
				{
					"listen": "test",
					"script": {
						"exec": [
							"pm.test(\"Response status code is 200\", function () {",
							"    pm.expect(pm.response.code).to.eql(200);",
							"});",
							""
						],
						"type": "text/javascript",
						"packages": {}
					}
				}
			],
			"request": {
				"method": "DELETE",
				"header": [
					{
						"key": "Content-Type",
						"value": "application/json"
					},
					{
						"key": "Cookie",
						"value": "token=abc123"
					}
				],
				"url": {
					"raw": "https://restful-booker.herokuapp.com/booking/1",
					"protocol": "https",
					"host": [
						"restful-booker",
						"herokuapp",
						"com"
					],
					"path": [
						"booking",
						"1"
					]
				},
				"description": "Generated from cURL: curl -X DELETE \\\n  https://restful-booker.herokuapp.com/booking/1 \\\n  -H 'Content-Type: application/json' \\\n  -H 'Cookie: token=abc123'"
			},
			"response": []
		},
		{
			"name": "PING Request",
			"request": {
				"method": "GET",
				"header": [],
				"url": {
					"raw": "https://restful-booker.herokuapp.com/ping",
					"protocol": "https",
					"host": [
						"restful-booker",
						"herokuapp",
						"com"
					],
					"path": [
						"ping"
					]
				},
				"description": "Generated from cURL: curl -i https://restful-booker.herokuapp.com/ping\n"
			},
			"response": []
		},
		{
			"name": "Create Token by AUTH",
			"event": [
				{
					"listen": "prerequest",
					"script": {
						"exec": [
							"// Before making the request, do you want to run JavaScript code? Write it here. ",
							"pm.test(\"Response status code is 200\", function () {",
							"    pm.expect(pm.response.code).to.eql(200);",
							"});",
							""
						],
						"type": "text/javascript",
						"packages": {}
					}
				},
				{
					"listen": "test",
					"script": {
						"exec": [
							"// After making the request, you want to test something; you can write it here in JavaScript. "
						],
						"type": "text/javascript",
						"packages": {}
					}
				}
			],
			"request": {
				"method": "POST",
				"header": [
					{
						"key": "Content-Type",
						"value": "application/json"
					}
				],
				"body": {
					"mode": "formdata",
					"formdata": []
				},
				"url": {
					"raw": "https://restful-booker.herokuapp.com/auth",
					"protocol": "https",
					"host": [
						"restful-booker",
						"herokuapp",
						"com"
					],
					"path": [
						"auth"
					]
				},
				"description": "Generated from cURL: curl -X POST \\\n  https://restful-booker.herokuapp.com/auth \\\n  -H 'Content-Type: application/json' \\\n  -d '{\n    \"username\" : \"admin\",\n    \"password\" : \"password123\"\n}'"
			},
			"response": []
		}
	]
}